Name,DueDate,Status,Description,Recurrent
"High: Task 1","2023-01-10",0,"Description for Task 1",false
"Medium: Task 2","2023-01-15",1,"Description for Task 2",true
"High: Task 3","2023-01-20",2,"Description for Task 3",false
"Medium: Task 4","2023-01-25",0,"Description for Task 4",true
"Medium: Task 5","2023-01-30",1,"Description for Task 5",false
"Medium: Task 6","2023-02-05",2,"Description for Task 6",true
"Low: Task 7","2023-02-10",0,"Description for Task 7",false
"Medium: Task 8","2023-02-15",1,"Description for Task 8",true
"High: Task 9","2023-02-20",2,"Description for Task 9",false
"Medium: Task 10","2023-02-25",0,"Description for Task 10",true
"Low: Task 11","2023-03-02",1,"Description for Task 11",false
"Low: Task 12","2023-03-07",2,"Description for Task 12",true
"Low: Task 13","2023-03-12",0,"Description for Task 13",false
"High: Task 14","2023-03-17",1,"Description for Task 14",true
"Medium: Task 15","2023-03-22",2,"Description for Task 15",false
"Medium: Task 16","2023-03-27",0,"Description for Task 16",true
"Medium: Task 17","2023-04-01",1,"Description for Task 17",false
"Medium: Task 18","2023-04-06",2,"Description for Task 18",true
"High: Task 19","2023-04-11",0,"Description for Task 19",false
"Low: Task 20","2023-04-16",1,"Description for Task 20",true
